id,last_name
2,user
1,admin
34,SIM266057
35,SIM266057
36,SIM113240065
37,SIM113240065
42,SIM252967
4,SIM114350839
5,SIM114350839
6,SIM114350839
7,SIM114350839
8,SIM114350839
9,SIM114350839
10,SIM114350839
11,SIM114350839
12,SIM114350839
13,SIM114350839
14,SIM114350839
15,SIM114350839
16,SIM114350839
17,SIM114350839
18,SIM114350839
19,SIM114350839
20,SIM114350839
21,SIM114350839
22,SIM114350839
23,SIM114350839
24,SIM114350839
25,SIM114350839
26,SIM114350839
27,SIM114350839
28,SIM114350839
29,SIM114350839
30,SIM114350839
31,SIM114350839
32,SIM114350839
33,SIM260973
38,SIM113322285
39,SIM113322285
40,SIM113322285
41,SIM113322285
43,SIM252967
44,SIM112360772
45,SIM252967
46,SIM252967
47,SIM252967
48,SIM252967
49,SIM252967
50,SIM112360772
51,SIM252967
52,SIM112360772
53,SIM252967
54,SIM252967
55,SIM252967
56,SIM252967
57,SIM252967
58,SIM252967
59,SIM252967
60,SIM252967
61,SIM252967
62,SIM252967
63,SIM252967
64,SIM252967
65,SIM252967
66,SIM252967
67,SIM252967
68,SIM252967
69,SIM252967
70,SIM252967
71,SIM252967
72,SIM252967
73,SIM252967
74,SIM252967
75,SIM252967
76,SIM252967
77,SIM252967
78,SIM252967
79,SIM252967
80,SIM252967
81,SIM252967
82,SIM252967
83,SIM252967
84,SIM252967
85,SIM252967
86,SIM252967
87,SIM256737
88,SIM256737
89,SIM256737
90,SIM258313
91,SIM258313
92,SIM258313
93,SIM258313
94,SIM258313
95,SIM258313
96,SIM258313
97,SIM258313
98,SIM258313
99,SIM258313
100,SIM259352
101,SIM259352
102,SIM259352
103,SIM259352
104,SIM259352
105,SIM263581
106,SIM263581
107,SIM263581
108,SIM263581
109,SIM266140
110,SIM266140
111,SIM275053
112,SIM275053
113,SIM275053
114,SIM275053
131,SIM288709
115,SIM275053
116,SIM275053
117,SIM275053
118,SIM275053
119,SIM275053
120,SIM275053
121,SIM277787
122,SIM277787
123,SIM280102
124,SIM280102
125,SIM280102
126,SIM280102
127,SIM280102
128,SIM280102
129,SIM280102
130,SIM287288
132,SIM288709
133,SIM288709
134,SIM112311217
135,SIM112311217
136,SIM112311217
137,SIM112311217
138,SIM112360772
139,SIM112360772
140,SIM112360772
141,SIM112360772
142,SIM112360772
143,SIM112360772
144,SIM112430101
145,SIM112430101
146,SIM113041059
147,SIM113041059
148,SIM113041059
149,SIM113041059
150,SIM113041059
151,SIM113041059
152,SIM113041059
153,SIM113041059
154,SIM113041059
155,SIM113041059
156,SIM113041059
157,SIM113041059
158,SIM113041059
159,SIM113041059
160,SIM113041059
161,SIM113041059
162,SIM113041059
163,SIM113041060
164,SIM113041060
165,SIM113041060
166,SIM113041060
167,SIM113041060
168,SIM113041060
169,SIM113041060
170,SIM113041060
171,SIM113041060
172,SIM113041060
173,SIM113041060
174,SIM113041060
175,SIM113041060
176,SIM113041060
177,SIM113041060
178,SIM113041060
179,SIM113041060
180,SIM113041060
181,SIM113041060
182,SIM113041060
183,SIM113041060
184,SIM113041060
185,SIM113041060
186,SIM113041060
187,SIM113041060
188,SIM113041060
189,SIM113041060
190,SIM113041060
191,SIM113041060
192,SIM113041060
193,SIM113041060
194,SIM113041060
195,SIM113041060
196,SIM113041060
197,SIM113041060
198,SIM113041060
199,SIM113041060
200,SIM113041060
201,SIM113041060
202,SIM113041060
203,SIM113041060
204,SIM113041060
205,SIM113041060
206,SIM113041060
207,SIM113041060
208,SIM113041060
209,SIM113041060
210,SIM113041060
211,SIM113041060
212,SIM113041060
213,SIM113041060
214,SIM113041060
215,SIM113041060
216,SIM113041060
217,SIM113041060
218,SIM113041060
219,SIM113041060
220,SIM113221237
221,SIM113221237
222,SIM113221237
223,SIM113221237
224,SIM113221237
225,SIM113221237
226,SIM113221237
227,SIM113221237
228,SIM113221237
229,SIM113221237
230,SIM113221237
231,SIM113480657
232,SIM113480657
233,SIM113480657
234,SIM113480657
235,SIM113480657
236,SIM113480657
237,SIM113480657
238,SIM114212127
239,SIM114212127
240,SIM114212127
241,SIM114212127
242,SIM114212127
243,SIM114212127
244,SIM114212127
245,SIM114212127
246,SIM115370964
247,SIM275323
248,SIM275323
249,SIM275323
250,SIM113170075
251,SIM271577
252,SIM271577
253,SIM271577
254,SIM271577
255,SIM271577
256,SIM271577
257,SIM271577
258,SIM258331
259,SIM112360770
260,SIM113430360
261,SIM113210959
262,SIM295744
263,SIM275324
264,SIM112292627
265,SIM254948
266,SIM282303
267,SIM254037
268,SIM113240040
269,SIM112360770
270,SIM271577
271,SIM295744
272,SIM282303
273,SIM112292627
274,SIM275324
275,SIM113322284
276,SIM113440441
277,SIM113411805
278,SIM258331
279,SIM113322284
280,SIM113411805
281,SIM113322284
282,SIM271577
283,SIM113322284
284,SIM113411805
285,SIM113440441
286,SIM295744
287,SIM254037
288,SIM113411805
289,SIM113440441
290,SIM113322284
291,SIM258331
292,SIM271577
293,SIM113440441
294,SIM113430360
295,SIM113210959
296,SIM113240040
297,SIM112292627
298,SIM275324
299,SIM113430360
300,SIM113210959
301,SIM113322284
302,SIM258331
303,SIM275324
304,SIM112292627
305,SIM113240040
306,SIM113411805
307,SIM112292627
308,SIM275324
309,SIM271577
310,SIM113440441
311,SIM113322284
312,SIM113411805
313,SIM113440441
314,SIM254037
315,SIM113411805
316,SIM113322284
317,SIM113430360
318,SIM275324
319,SIM112292627
320,SIM275324
321,SIM112292627
322,SIM113411805
323,SIM113322284
324,SIM113430360
325,SIM295744
326,SIM113411805
327,SIM113430360
328,SIM113322284
329,SIM271577
330,SIM113440441
331,SIM113210959
332,SIM258331
333,SIM113411805
334,SIM275324
335,SIM282303
336,SIM112292627
337,SIM113411805
338,SIM113430360
339,SIM113322284
340,SIM113322284
341,SIM113430360
342,SIM113210959
619,user1
343,SIM258331
344,SIM113240040
345,SIM254037
346,SIM113430360
347,SIM113322284
348,SIM113440441
349,SIM271577
350,SIM113440441
351,SIM271577
352,SIM254037
353,SIM295744
354,SIM113411805
355,SIM258331
356,SIM113210959
357,SIM113411805
358,admin
359,coordinator
360,Mathew
361,Nagavaram
832,SIM1320152
833,SIM1320152
834,SIM1320152
835,SIM1320152
362,SIM113210959
363,SIM282303
364,SIM282303
365,SIM282303
366,SIM113411805
367,SIM258331
368,SIM282303
369,SIM113430360
370,SIM113322284
371,SIM113411805
372,SIM112292627
373,SIM254948
374,SIM113411805
375,SIM113440441
376,SIM271577
377,SIM112292627
378,SIM254948
379,SIM113411805
380,SIM275324
381,SIM282303
382,SIM112292627
383,SIM271577
384,SIM113411805
385,SIM113322284
386,SIM113430360
387,SIM271577
388,SIM113411805
389,SIM295744
390,SIM254037
391,SIM275324
392,SIM254037
393,SIM113322284
394,SIM113430360
395,SIM113440441
396,SIM271577
397,SIM113411805
398,SIM271577
399,SIM113440441
400,SIM113322284
401,SIM113430360
402,SIM254037
403,SIM295744
404,SIM113240040
405,SIM254948
406,SIM113221585
407,SIM271577
408,SIM113411805
409,SIM113411805
410,SIM113221585
411,SIM113240040
412,SIM254037
413,SIM295744
414,SIM113411805
415,SIM282303
416,SIM112292627
417,SIM254948
418,SIM258331
419,SIM113322284
420,SIM113411805
421,SIM876281
422,SIM113210959
423,SIM258331
424,SIM254037
425,SIM113411805
426,SIM113411805
427,SIM113322284
428,SIM258331
429,SIM113411805
430,SIM112292627
431,SIM282303
432,SIM876281
433,SIM113210959
434,SIM113322284
435,SIM258331
436,SIM271577
437,SIM113411805
438,SIM113221585
439,SIM113240040
440,SIM112292627
441,SIM113411805
442,SIM113411805
443,SIM113240040
444,SIM113221585
445,SIM113411805
446,SIM254037
447,SIM113240040
448,SIM113221585
449,SIM112292627
450,SIM282303
451,SIM113411805
452,SIM254037
453,SIM113411805
454,SIM258331
455,SIM113322284
456,SIM113411805
457,SIM113440441
458,SIM113221585
459,SIM254037
460,SIM113411805
461,SIM113240040
462,SIM271577
463,SIM113210959
464,SIM876281
465,SIM258331
466,SIM113411805
467,SIM113411805
468,SIM113240040
469,SIM876281
470,SIM113210959
471,SIM271577
472,SIM113411805
473,SIM275324
474,SIM112292627
475,SIM254948
476,SIM113411805
477,SIM876281
478,SIM113210959
479,SIM254037
480,SIM295744
481,SIM258331
482,SIM876281
483,SIM113210959
484,SIM113411805
485,SIM275323
486,SIM274305
487,SIM274305
488,SIM274305
489,SIM274305
490,SIM274305
491,SIM274305
492,SIM113210959
493,SIM876281
494,SIM113411805
495,SIM113240040
496,SIM112292627
497,SIM876281
498,SIM113322284
499,SIM258331
500,SIM113210959
501,SIM876281
502,SIM113210959
503,SIM876281
504,SIM113240040
505,SIM113221585
506,SIM113322284
507,SIM113322284
508,SIM113322284
509,SIM113322284
510,SIM113322284
511,SIM113322284
512,SIM113322284
513,SIM113322284
514,SIM113322284
515,SIM113322284
516,SIM113322284
517,SIM876281
518,SIM113211237
519,SIM258331
520,SIM258331
521,SIM258331
522,SIM258331
523,SIM258331
524,SIM258331
525,SIM258331
526,SIM258331
527,SIM258331
528,SIM258331
529,SIM258331
530,SIM258331
531,SIM258331
532,SIM258331
533,SIM258331
534,SIM258331
535,SIM258331
536,SIM258331
537,SIM258331
538,SIM258331
539,SIM258331
540,SIM113221585
541,SIM113221585
542,SIM113221585
543,SIM876281
544,SIM113221585
545,SIM112292627
546,SIM113411805
547,SIM113411805
548,SIM113411805
549,SIM113411805
550,SIM275323
551,SIM275324
552,SIM254948
553,SIM275323
554,SIM112292627
555,SIM113411805
556,SIM113322284
557,SIM113210959
558,SIM295744
559,SIM254037
560,SIM113221585
561,SIM113240040
562,SIM876281
563,SIM113440441
564,SIM113440441
565,SIM113411805
566,SIM295744
567,SIM254037
568,SIM275324
569,SIM254948
570,SIM275323
571,SIM113430360
572,SIM113430360
573,SIM113430360
574,SIM113430360
575,SIM113430360
576,SIM258331
577,SIM113322284
578,SIM258331
579,SIM113440441
580,SIM113411805
581,SIM112292627
582,SIM113322284
583,SIM258331
584,SIM113440441
585,SIM876281
586,SIM113210959
587,SIM113240040
588,SIM113221585
589,SIM113411805
590,SIM113411805
591,SIM113411805
592,Liu
593,Lin
594,Gedert
595,Huang
596,SIM113210959
597,SIM876281
598,SIM113440441
599,SIM258331
600,SIM113322284
601,SIM113411805
602,SIM275323
603,SIM112292627
604,SIM275323
605,SIM258331
606,SIM113322284
607,SIM258331
608,SIM295744
609,SIM254037
610,SIM113440441
611,SIM258331
612,SIM295744
613,SIM254037
614,SIM112292627
615,SIM275323
616,SIM275323
617,SIM275323
836,SIM1320152
837,SIM1320152
838,SIM1320152
839,SIM1320152
840,SIM1320152
841,SIM1320152
842,SIM1320152
843,SIM1320152
848,SIM282303
849,SIM275323
850,SIM275324
851,SIM112292627
857,SIM113440441
858,SIM113210959
859,SIM113322284
860,SIM876281
861,SIM275324
862,SIM112292627
863,SIM275323
865,SIM113210959
866,SIM876281
867,SIM113322284
868,SIM112292627
869,SIM275323
873,SIM113210959
874,SIM876281
878,SIM113322284
879,SIM876281
880,SIM113210959
884,SIM113210959
885,SIM876281
886,SIM113322284
889,SIM113322284
890,SIM113211237
620,user2
621,user3
622,user4
623,user5
624,user6
625,user7
626,user8
627,user9
628,user10
629,user11
630,SIM275323
631,SIM258331
632,SIM275324
633,SIM1117722
634,SIM1117722
635,SIM258331
636,SIM113322284
637,SIM113210959
638,SIM876281
639,SIM275323
640,SIM113240040
641,SIM113210959
642,SIM113240040
643,SIM113322284
644,SIM258331
645,SIM254037
646,SIM113210959
647,SIM876281
648,SIM275323
649,SIM112292627
650,SIM113322284
651,SIM258331
652,SIM113210959
653,SIM876281
654,SIM258331
655,SIM113322284
656,SIM113210959
657,SIM876281
658,SIM112292627
659,SIM275323
660,SIM112292627
661,SIM275323
662,SIM282303
663,SIM275324
664,SIM295744
665,SIM113240040
666,SIM113322284
667,SIM258331
668,SIM113210959
669,SIM876281
670,SIM113240040
671,SIM113440441
672,SIM876281
673,SIM113322284
674,SIM258331
675,SIM113210959
676,SIM275323
677,SIM112292627
678,SIM876281
679,SIM113322284
680,SIM258331
681,SIM112292627
682,SIM275323
683,SIM258331
684,SIM113322284
685,SIM258331
686,SIM113322284
687,SIM113210959
688,SIM113440441
689,SIM258331
690,SIM113322284
691,SIM113440441
692,SIM275324
693,SIM876281
694,SIM113210959
695,SIM113240040
696,SIM113240040
697,SIM876281
698,SIM876281
699,SIM113210959
700,SIM113240040
701,SIM876281
702,SIM258331
703,SIM275324
704,SIM113322284
705,SIM113210959
706,SIM876281
707,SIM113221585
708,SIM113221585
709,SIM113221585
710,SIM113221585
711,SIM113221585
712,SIM113221585
713,SIM295744
714,SIM113240040
715,SIM113221585
716,SIM275323
717,SIM113210959
718,SIM876281
719,SIM258331
720,SIM113440441
721,SIM113322284
722,SIM113210959
723,SIM876281
724,SIM275323
725,SIM112292627
726,SIM113210959
727,SIM876281
728,SIM113322284
729,SIM113210959
730,SIM876281
731,SIM275323
732,SIM275324
733,SIM113210959
734,SIM876281
735,SIM113322284
736,SIM258331
737,SIM113322284
738,SIM876281
739,SIM282303
740,SIM275324
741,SIM112292627
742,SIM275323
743,SIM876281
744,SIM113440441
745,SIM113440441
746,SIM254037
747,SIM295744
748,SIM254037
749,SIM113240040
750,SIM113221585
751,SIM112292627
752,SIM113322284
753,SIM275323
754,SIM113240040
755,SIM113210959
756,SIM113210959
757,SIM876281
758,SIM113210959
759,SIM112292627
760,SIM275323
761,SIM112292627
762,SIM275323
763,SIM258331
764,SIM113322284
765,SIM113210959
766,SIM876281
767,SIM113322284
768,SIM258331
769,SIM113240040
770,SIM113210959
771,SIM113322284
772,SIM258331
773,SIM254037
774,SIM112292627
775,SIM275323
776,SIM112292627
777,SIM113210959
778,SIM113322284
779,SIM876281
780,SIM275323
781,SIM112292627
782,SIM113240040
783,SIM113240040
784,SIM282303
785,SIM112292627
786,SIM275323
787,SIM876281
788,SIM113210959
789,SIM275323
790,SIM112292627
791,SIM113210959
792,SIM876281
793,SIM113322284
794,SIM112292627
795,SIM275323
796,SIM113210959
797,SIM876281
798,SIM876281
799,SIM113210959
800,SIM876281
801,SIM113210959
802,SIM113440441
803,SIM258331
804,SIM275323
805,SIM112292627
806,SIM112292627
807,SIM275323
808,SIM113210959
809,SIM876281
810,SIM112292627
811,SIM275323
812,SIM112292627
813,SIM275323
814,SIM113322284
815,SIM113322284
816,SIM876281
817,SIM113210959
818,SIM113210959
819,SIM113322284
820,SIM113210959
821,SIM876281
822,SIM275324
823,SIM876281
824,SIM876281
825,SIM113210959
826,SIM113322284
827,SIM113440441
828,SIM258331
829,SIM1320152
830,SIM1320152
831,SIM258331
844,SIM876281
845,SIM113322284
846,SIM113210959
847,SIM113440441
852,SIM876281
853,SIM113210959
854,SIM113322284
855,SIM113240040
856,SIM4000081
864,SIM112292627
870,SIM113210959
871,SIM876281
872,SIM113322284
875,SIM113322284
876,SIM113210959
877,SIM876281
881,SIM876281
882,SIM113210959
883,SIM275324
887,SIM113322284
888,SIM275323
891,SIM113240040
892,SIM113322284
893,SIM113322284
894,SIM112292627
895,SIM275323
896,SIM876281
897,SIM113322284
898,SIM113211237
899,SIM113240040
900,SIM275323
901,SIM876281
902,SIM112292627
903,SIM254037
904,SIM254037
905,SIM254037
906,SIM113240040
907,SIM112292627
908,SIM258331
909,SIM113322284
910,SIM113322284
911,SIM876281
912,SIM113210959
913,SIM258331
914,SIM113211237
915,SIM113322284
916,SIM113210959
917,SIM275323
918,SIM112292627
919,SIM113211237
920,SIM113240040
921,SIM275323
922,SIM112292627
923,SIM113240040
924,SIM113210959
925,SIM113322284
926,SIM113240040
927,SIM112292627
928,SIM275323
929,SIM876281
930,SIM113210959
931,SIM254037
932,SIM254037
933,SIM254037
934,SIM254037
935,SIM113240040
936,SIM113210959
937,SIM876281
938,SIM112292627
939,SIM876281
940,SIM113210959
941,SIM112292627
942,SIM113210959
943,SIM876281
944,SIM258331
945,SIM876281
946,SIM113210959
947,SIM275324
948,SIM275323
949,SIM112292627
950,SIM275323
951,SIM876281
952,SIM113210959
953,SIM113240040
954,SIM113322284
955,SIM876281
956,SIM113210959
957,SIM258331
958,SIM876281
959,SIM113210959
960,SIM258331
961,SIM254037
962,SIM113210959
963,SIM258331
964,SIM876281
965,SIM258331
966,SIM113210959
967,SIM113211237
968,SIM113211237
969,SIM876281
970,SIM113210959
971,SIM113210959
972,SIM876281
973,SIM113211237
974,SIM113210959
975,SIM876281
976,SIM113322284
977,SIM113211237
978,SIM113210959
979,SIM876281
980,SIM113210959
981,SIM876281
982,SIM113322284
983,SIM876281
984,SIM254037
985,SIM254037
986,SIM113210959
987,SIM876281
988,SIM113211237
989,SIM254037
990,SIM254037
991,SIM113211237
992,SIM113210959
993,SIM113240040
994,SIM254037
995,SIM113240040
996,SIM113240040
997,SIM275323
998,SIM275323
999,SIM112292627
1000,SIM275323
1001,SIM275323
1002,SIM275323
1003,SIM112292627
1004,SIM275323
1005,SIM112292627
1006,SIM112292627
1007,SIM275323
1008,SIM112292627
1009,SIM275323
1010,SIM112292627
1011,SIM275323
1012,SIM275323
1013,SIM112292627
1014,SIM112292627
1015,SIM112292627
1016,SIM275323
1017,SIM275323
